Date,Open,High,Low,Close,Volume,SMA_10,SMA_30,EMA_12,EMA_26,MACD,MACD_Signal,RSI,BB_Middle,BB_Upper,BB_Lower,Price_Change,Volatility,Volume_SMA,Volume_Ratio
2025-05-07,954.1033540161453,961.3553047488027,948.3807192627594,959.8259887695312,21420778,949.2638122558594,915.5651529947917,944.9670343641011,927.0651422609193,17.901892103181808,17.22977593683407,68.266183210425,929.8364074707031,993.7898322587197,865.8829826826865,0.007195724145077742,0.00841981544405442,21159830.6,1.0123322064780613
2025-05-08,964.364722012384,964.364722012384,946.752746184645,951.3900756835938,34803430,949.4907409667969,918.1921427408854,945.9551945671,928.8669891811173,17.088205385982633,17.201461826663785,61.2272369949065,932.5793304443359,995.2103661994336,869.9482946892383,-0.00878900257405213,0.006232571578233789,21583109.4,1.612530861748771
2025-05-09,942.3127568324845,946.7034204881495,930.8181657127636,932.248779296875,17188796,948.15380859375,920.1547790527344,943.8465152947576,929.1174921526549,14.729023142102733,16.706974089751576,46.3829941814552,935.8353210449219,990.3897868651375,881.2808552247063,-0.020119293732347665,0.008957938193581393,20708813.6,0.8300232129183875
2025-05-12,946.0127244576516,966.8806765571811,943.3981029435623,965.5486450195312,18618972,950.4231323242187,922.7398356119792,947.1853044831844,931.8160960687198,15.369208414464538,16.439420954694167,55.334979431087575,940.4738677978515,987.7428589817509,893.2048766139521,0.03571993491669878,0.014709870474743928,20720623.0,0.8985720168742031
2025-05-13,961.9967305905121,967.7686868855955,947.1967808891196,948.4794311523438,24242102,950.5415344238281,924.4031860351563,947.3844008938242,933.0504171860254,14.333983707798893,16.018333505315113,43.06983039191909,944.3613220214844,978.42282229959,910.2998217433787,-0.017678253659443754,0.015981171977133127,21752784.0,1.1144367543942881
2025-05-14,948.2327622761527,952.2287366384547,938.8101397074491,942.5594482421875,15445308,950.6303283691407,926.1142232259115,946.6421004858801,933.7547898568522,12.887310629027866,15.392128930057664,47.40536926682452,946.9229461669922,970.1846062881967,923.6612860457877,-0.006241551177302629,0.015994542109765166,21405484.0,0.7215584567020302
2025-05-15,943.9901042439285,959.4314088460198,935.85013208818,954.0047607421875,32241458,951.0644653320312,927.897617594401,947.7748174483888,935.2547877002104,12.520029748178445,14.81770909368182,53.12042264811827,948.6224761962891,968.296392868234,928.9485595243442,0.012142801731333419,0.016244617371182157,21435942.8,1.5040839724576984
2025-05-16,954.0047801554118,958.9380967138302,951.340777169636,954.44873046875,15868010,951.6959289550781,929.6489440917969,948.8015732976752,936.6765612386207,12.125012059054484,14.279169686756354,54.3892608516615,950.0210723876953,966.8354920729154,933.2066527024753,0.00046537474951069413,0.016226857285974217,21238703.4,0.7471270586131921
2025-05-19,955.5834183781088,959.5300716290252,952.6234284399217,956.4220581054688,10202964,951.7896606445313,932.4584676106771,949.9739555757973,938.1391906361649,11.83476493963235,13.790288737331554,53.521138700335754,950.8104064941406,967.247608995406,934.3732039928751,0.0020675051196825667,0.016054150009936208,20752197.4,0.4916570425452873
2025-05-20,951.1927398071444,954.3993955236706,943.7434439560598,944.6807861328125,23879090,950.9608703613281,934.3989054361979,949.1596218153381,938.6237532655463,10.535868549791871,13.139404699823618,51.10867257910738,950.5094757080078,967.1740391874044,933.8449122286112,-0.012276245485088433,0.016526755475143155,21391090.8,1.1163100668059434
2025-05-21,950.6500948788123,960.4674068130723,947.739426083267,950.5514526367188,15132040,950.0334167480469,936.5687438964844,949.3737496340121,939.5072865522998,9.866463081712368,12.484816376201369,50.3323729923986,949.6486145019531,964.2045795419572,935.0926494619491,0.006214444699292221,0.01647716579311407,20762217.0,0.728825828185882
2025-05-22,944.828766015395,949.2687509312965,939.895449442171,947.1474609375,21306670,949.6091552734375,938.2559387207032,949.0312436807026,940.0732253956479,8.958018285054663,11.77945675797203,49.63584485120889,949.5499481201172,964.1476698566546,934.9522263835797,-0.003581070429987232,0.01627945436236642,19412541.0,1.097572440413648
2025-05-23,947.2460290070277,955.583345407158,944.4833839865793,953.906005859375,9566072,951.7748779296875,941.148506673177,949.781207092806,941.0978758003685,8.683331292437515,11.160231664865128,49.41474871256483,949.9643432617188,964.5626517148388,935.3660348085988,0.007135683935831194,0.014813463208947471,18650268.6,0.5129187254707956
2025-05-26,954.5967478346391,961.947401503022,950.6007734925844,957.1620483398438,10802860,950.9362182617188,943.9613179524739,950.9167211308118,942.2878145069963,8.62890662381551,10.653966656655204,51.54603356340215,950.6796752929688,965.2132037993858,936.1461467865518,0.0034133787401153803,0.00919651515575917,17868657.4,0.6045703243490471
2025-05-27,952.9194312599001,961.0100826032541,945.3714929245052,950.3048095703125,26162148,951.1187561035156,946.6138000488281,950.822580890735,942.8816659931679,7.940914897567154,10.111356304837596,46.48967142721482,950.8301452636719,965.2782071703064,936.3820833570373,-0.007164135666917426,0.0075015978926172575,18060662.0,1.4485708220440645
2025-05-28,947.295443323748,954.3501102535763,946.0621141556768,948.9234619140625,18157594,951.7551574707031,948.5336832682292,950.5304087404777,943.3292064317527,7.201202308724987,9.529325505615073,49.04069150539722,951.1927429199219,965.0238377062168,937.361648133627,-0.0014535837789504402,0.007189848694699189,18331890.6,0.9904921645124807
2025-05-29,951.1433943336576,957.4580633637506,940.9314535555673,950.896728515625,28917794,951.4443542480469,949.5631022135417,950.586765628962,943.8897636231507,6.697002005811328,8.962860805654325,58.37026322133824,951.2544097900391,965.0677806634636,937.4410389166145,0.0020794792001266327,0.006018595045460261,17999524.2,1.606586578549671
2025-05-30,953.0674622365118,961.4047794767922,949.8608063918771,959.4807739257812,28748078,951.94755859375,950.6632344563802,951.9550745977034,945.0446532751974,6.910421322505954,8.552372909024651,46.49977185283663,951.821743774414,966.0221374788667,937.6213500699613,0.00902731616666319,0.006710386119576793,19287531.0,1.4905006763177724
2025-06-02,952.1794133521448,955.0900821550082,941.276795842849,953.1660766601562,14668822,951.6219604492187,951.0809244791667,952.1413826073115,945.6462401926018,6.495142414709676,8.140926810161655,53.08641776814525,951.705810546875,965.8178731876366,937.5937479061134,-0.006581369254318625,0.007041720469466322,19734116.8,0.7433229542859501
2025-06-03,956.0767204883472,962.9833634640112,947.1967509482078,949.466064453125,24377584,952.10048828125,951.0398132324219,951.7297951989751,945.9291901378257,5.80060506114944,7.672862460359213,54.68539089504307,951.5306793212891,965.6636729225424,937.3976857200357,-0.003881812726692857,0.005858869485371905,19783966.2,1.232188922765143
2025-06-04,947.6901200517409,958.6914401720352,947.6407989299088,957.6553955078125,12961542,952.8108825683594,950.7027038574219,952.6414260157194,946.7977979430099,5.843628072709521,7.307015582829274,52.59102282415076,951.4221496582031,965.3182799745333,937.5260193418729,0.008625196161596849,0.006160983689533206,19566916.4,0.662421289846161
2025-06-05,961.0100588418235,966.3873858970264,957.1620478647775,961.7993774414062,22255418,954.27607421875,951.1253234863282,954.0503416196713,947.9090260540022,6.141315565669061,7.073875579397232,54.95675551534897,951.9426147460938,966.5929585823351,937.2922709098525,0.004327216191787109,0.0060480973833028796,19661791.2,1.1319120304766537
2025-06-06,959.0366899431259,984.8379583134906,958.3953347348495,976.1552734375,30127008,956.5010009765625,952.1432291666666,957.4511003608757,950.001340675002,7.449759685873687,7.149052400692523,61.40248414171274,954.137939453125,969.5038032172927,938.7720756889573,0.01492608160579545,0.0072328214803435665,21717884.8,1.3871980755694955
2025-06-09,984.196594423998,984.196594423998,974.7739724063232,976.2539672851562,13202588,958.4101928710937,953.256514485677,960.3438491184573,951.9459796831616,8.397869435295775,7.398815807613174,71.08033588679673,954.6732055664063,972.2932043303318,937.0532068024808,0.00010110466064339185,0.007253598935669374,21957857.6,0.6012694061737608
2025-06-10,978.1780428487654,978.1780428487654,967.472709657825,969.5447387695312,15533126,960.3341857910157,953.9981587727865,961.759370603238,953.249591467337,8.509779135900999,7.621008473270739,62.54074312887886,955.7264709472656,974.2811865752191,937.1717553193122,-0.0068724212555904,0.0072131201748336935,20894955.4,0.7433912014954577
2025-06-11,970.6793723493836,970.6793723493836,960.516752091058,962.194091796875,11096394,961.6612487792969,954.6822448730469,961.8262507868744,953.9121470473028,7.914103739571601,7.679627526530912,59.442744617968046,956.708203125,974.3866268659087,939.0297793840912,-0.007581544903214166,0.00777995822269753,20188835.4,0.5496302178975614
2025-06-12,961.9966994408974,967.4233474890254,954.7447484104943,958.74072265625,16349130,962.4456481933594,954.9848225911459,961.3515541513938,954.2698193146322,7.081734836761598,7.56004898857705,53.16541587743065,956.9450012207031,974.5978091469824,939.2921932944239,-0.0035890566883194364,0.007931354021277953,18931969.0,0.8635726162450403
2025-06-13,947.19676434732,953.6100757725884,943.7434428106371,946.0127563476562,12117762,961.0988464355469,954.914111328125,958.9917391046649,953.6581850207822,5.3335540838827455,7.1147500076381895,43.50575015038417,956.5232025146485,974.8185977294853,938.2278072998116,-0.01327571261741145,0.008492384198063597,17268937.4,0.7017086065758743
2025-06-16,949.1700746468088,956.520728121515,947.2460692080249,954.7940673828125,16513746,961.2616455078125,954.8910888671875,958.3459434551492,953.7423244550066,4.603619000142544,6.612523806139061,52.55757961836594,956.4418029785156,974.753572097347,938.1300338596842,0.009282444635375642,0.008885444313042556,17453429.8,0.9461605076613652
2025-06-17,955.5834055099792,957.852719054467,946.7527569357399,951.9327392578125,16978736,961.5083129882812,954.8565572102865,957.3592966555589,953.6082811070663,3.7510155484925463,6.040222154609758,51.68598726550264,956.8044006347657,974.409153679732,939.1996475897994,-0.0029968013237066105,0.008844516317685047,16713545.0,1.015866831363424
2025-06-18,945.7167603313338,955.2380851367438,945.7167603313338,954.0540771484375,18433816,961.1481811523438,954.66416015625,956.850801346771,953.6413030360568,3.2094983107142525,5.474077385830657,51.76601602080027,956.9795318603516,974.3910000599841,939.5680636607191,0.002228453548387188,0.008394965379618629,17260772.4,1.067960087348119
2025-06-19,954.0540746334422,960.4180648603083,949.9593979158449,954.7447509765625,16876220,960.4427185058594,954.7759826660156,956.5267935975082,953.7230399205387,2.8037536769695635,4.940012644058438,47.09441004859688,957.3593963623047,974.189475977384,940.5293167472254,0.0007239357230035548,0.008248188217004357,16722852.6,1.0091711267011945
2025-06-20,952.9193918485255,971.8140179089729,952.9193918485255,969.2486572265625,32900408,959.7520568847656,956.0093119303385,958.4840033865935,954.8730856469108,3.610917739682691,4.6741936631832885,58.96588026891822,958.1265289306641,975.6770801271124,940.5759777342158,0.015191396690230174,0.00830429167978883,17000192.6,1.935296191879614
2025-06-23,961.2073364257812,965.8939867961492,957.9513597916495,961.2073364257812,11739518,958.2473937988282,955.8646016438802,958.9029777003146,955.3422894083086,3.5606882920060343,4.451492588947838,56.24343181846211,958.3287933349609,975.9257231443157,940.7318635256061,-0.00829644770805349,0.008634680853654134,16853885.6,0.6965466764530548
2025-06-24,969.3966711141703,976.3033140635843,964.7593416610487,967.3740234375,22625322,958.030322265625,956.4944213867187,960.2062155060354,956.2335289660265,3.972686540008908,4.355731379160052,55.281498601595295,959.1822540283204,976.7963074961644,941.5682005604763,0.006415563820652226,0.008741022478464236,17563105.2,1.288230170140984
2025-06-25,969.8900392545883,977.7833457795492,968.854054817417,976.8953247070312,18405932,959.5004455566407,957.6389506022135,962.773770767727,957.7640323542491,5.009738413477862,4.486532786023615,57.75075930691543,960.5808471679687,979.1796557306493,941.9820386052882,0.009842419828163251,0.008839912941927664,18294059.0,1.0061152639772288
2025-06-26,977.4873577522009,1000.032590400823,976.7966813877978,997.41796875,50084830,963.3681701660156,959.0860575358073,968.1036473803845,960.7013609761566,7.40228640422788,5.069683509664468,60.266832491438606,962.9069091796875,987.1776607456878,938.6361576136873,0.021008027701558962,0.010513858373778278,21667629.0,2.3115048720836047
2025-06-27,1004.0015037809444,1007.393088107433,994.2258430942326,1004.9491577148438,28213384,969.2618103027344,960.7694051106771,973.7721874318397,963.9789755493928,9.79321188244694,6.014389184220963,62.92775184453547,965.1803283691406,995.7900039133976,934.5706528248836,0.007550685069652507,0.008596773931047507,23277191.2,1.2120613590182652
2025-06-30,1003.2533964547342,1004.400566128524,995.2732550959096,998.2658081054688,13649020,973.608984375,962.1641967773437,977.5404367662442,966.5187409239169,11.02169584232729,7.01585051584223,62.942428709734195,967.4353149414062,1000.8360100549625,934.03461982785,-0.006650435554941159,0.00938107035550891,22990718.6,0.5936752233573073
2025-07-01,1000.0114368496795,1005.4977838847651,999.5126780283082,1003.5526123046875,14389386,978.7709716796875,964.1265909830729,981.5423099260047,969.2619906558258,12.280319270178893,8.068744266709563,68.99040752062939,970.1396423339844,1006.0765110568425,934.2027736111263,0.005295988459478762,0.009003499321685333,22731783.6,0.6330073457148342
2025-07-02,1007.4429706558585,1007.4429706558585,986.4950998423908,990.5350341796875,18878250,982.4190673828125,965.4593770345052,982.9258059650329,970.8377716575933,12.088034307439557,8.872602274855563,63.420146063027424,971.7836242675781,1008.3190867588189,935.2481617763374,-0.012971495430722624,0.010707305118845404,22776227.0,0.8288576505669706
2025-07-03,994.9739612315547,1001.507689459166,989.6871300276722,991.0836181640625,16860506,986.0529541015625,966.923915608724,984.1808539956528,972.3374639914058,11.843390004246999,9.46675982073385,71.20422636724348,973.247836303711,1010.439845446495,936.0558271609269,0.0005538259278525803,0.01071288817384944,22774655.6,0.7403188129878899
2025-07-04,991.0836632772651,999.2633203019867,987.5424877454124,992.1809692382812,7863944,988.3461853027344,968.1997477213541,985.4116409560572,973.8073532689522,11.604287687105057,9.894265394008093,68.96001832403203,974.04912109375,1012.1834695285629,935.9147726589372,0.001107223501737975,0.009946379314123703,20271009.2,0.38794042873800283
2025-07-07,992.0312782906421,996.7196233059492,989.4377568185034,991.2332763671875,11349426,991.348779296875,969.3354553222656,986.3072771731541,975.09816238734,11.209114785814108,10.157235272369295,70.32497228556349,974.7980865478515,1013.6955235647764,935.9006495309267,-0.0009551613067334541,0.00932166051930829,20232000.0,0.5609641162514828
2025-07-08,986.0462146584523,1000.0114620081927,986.0462146584523,998.2159423828125,15224316,994.4329711914063,970.9324930826823,988.1393795131016,976.8105905351528,11.328788977948875,10.391546013485211,71.74566918721374,976.2316467285157,1016.4062571815504,936.057036275481,0.0070444225210195555,0.009348448598418598,19491899.4,0.7810586176121964
2025-07-09,1001.0089360727129,1004.4005203490875,996.5699704674603,1003.1036987304688,13861428,997.05380859375,972.7385009765625,990.4415824696197,978.7582281792502,11.683354290369493,10.649907668862067,72.86716596678068,978.2771270751953,1019.5920185598989,936.9622355904917,0.004896491971455363,0.009084045428979344,19037449.0,0.7281137299435444
2025-07-10,1005.4977851253348,1005.9965439473215,997.5176439735463,1000.6099243164062,17030310,997.3730041503907,974.3956075032552,992.0059427537407,980.3768723375581,11.629070416182572,10.845740218326167,66.72981035404528,980.3705871582031,1021.7603963793641,938.980777937042,-0.0024860584376457107,0.006486114934821121,15731997.0,1.0825269036092493
2025-07-11,996.5201541247731,999.9117385623401,987.9913902076418,989.3878784179688,12516922,995.8168762207031,975.3925109863281,991.6031636251604,981.0443542694403,10.558809355720086,10.788354045804951,64.53962931518791,982.5393432617187,1020.7743049505797,944.3043815728578,-0.011215205471906686,0.006870918110667076,14162350.8,0.8838166895286903
2025-07-14,989.0387573242188,991.8816582943851,982.8541356715338,989.0387573242188,13088850,994.8941711425781,976.5882670084635,991.2086395788617,981.636532273498,9.572107305363716,10.545104697716704,61.89169613166011,984.251577758789,1020.2571051502626,948.2460503673154,-0.00035286574796955517,0.006634821919350254,14106333.8,0.927870429381162
2025-07-15,984.0511806165923,999.3131887778599,984.0511806165923,995.2732543945312,14498168,994.0662353515625,978.1151733398438,991.8339649351185,982.6466598380189,9.187305097099625,10.273544777593289,60.46518902431394,986.418603515625,1019.3169814446071,953.5202255866429,0.006303592274967684,0.006746228510278862,14117212.0,1.0269852149277068
2025-07-16,1006.4952830829005,1008.8394251469304,993.826797075495,995.6722412109375,17994612,994.5799560546875,979.382401529948,992.4244689775522,983.6115177174944,8.812951260057844,9.9814260740862,48.71033427962327,988.49951171875,1017.8521918575766,959.1468315799234,0.00040088168213570086,0.005219837823801198,14028848.2,1.2826863434162756
2025-07-17,999.5126501495852,999.9116815490105,988.8890631972324,990.98388671875,22529158,994.5699829101562,980.3552185058594,992.2028409377365,984.1576191249948,8.045221812741715,9.594185221817302,39.23073664591012,990.3114685058594,1014.9931416438891,965.6297953678296,-0.00470873275173922,0.005476126571453645,14595713.4,1.5435462030927518
2025-07-18,990.9838927216935,996.0213445308241,974.0759568696542,976.2705078125,16129446,992.9789367675781,980.3590596516927,989.7517127646232,983.5733886574026,6.1783241072206465,8.91101299889797,34.90755763356253,990.6625610351563,1014.2585907465168,967.0665313237957,-0.014847243334064175,0.007178379706889421,15422263.6,1.0458546435427287
2025-07-21,986.6446826643673,998.5151670456409,985.7968170158388,997.7670288085938,22309078,993.6323120117188,981.076161702474,990.9848383098495,984.6247694093427,6.360068900506803,8.400824179219736,46.75252953320374,992.4905456542969,1011.7434474799329,973.2376438286608,0.02201902118733501,0.010371194675617755,16518228.8,1.3505732527448706
2025-07-22,1004.051390877723,1006.4953213272488,999.0139388595042,1001.058837890625,14836814,993.9166015625,982.126631673177,992.5346843991996,985.8421078153635,6.692576583836058,8.059174660143,56.63104409466261,994.1747863769531,1009.7111287881089,978.6384439657973,0.0032991760470997278,0.01018275840806306,16479478.6,0.9003205963081866
2025-07-23,1003.0039954915454,1012.3806857402005,999.0139248978445,1009.6375122070312,13634916,994.5699829101562,983.7080790201823,995.1658886773275,987.6047303628944,7.561158314433101,7.95957139100102,60.61646586485639,995.8118957519531,1010.5621588795534,981.0616326243528,0.008569600498690821,0.01042901646701325,16456827.4,0.8285264023611258
2025-07-24,1016.3208076773761,1016.3208076773761,1001.7072110041944,1004.5999755859375,19107176,994.9689880371094,985.2367207845052,996.6172866632676,988.8636374164532,7.753649246814348,7.918386962163686,56.79950916735562,996.17099609375,1011.4269220289586,980.9150701585413,-0.004989450728788647,0.010543363974177093,16664514.0,1.1465786520987051
2025-07-25,1007.5,1007.5,999.5,1002.2999877929688,9306598,996.2601989746094,987.1129618326823,997.4915483755293,989.8589226295285,7.632625746000826,7.861234718931115,55.97070315973048,996.0385375976563,1011.0170349884391,981.0600402068734,-0.0022894563496552722,0.00979773959125833,16343481.6,0.5694379097290996
2025-07-28,1001.5,1010.7000122070312,1000.25,1004.25,12059580,997.7813232421875,988.7614929199219,998.5313101639094,990.9249283606746,7.606381803234854,7.810264135791863,53.442428412447924,996.3377471923828,1011.7367555517452,980.9387388330205,0.0019455374945429593,0.009780546714550828,16240554.6,0.7425596167756487
2025-07-29,999.9500122070312,1013.25,998.1500244140625,1010.7999877929688,19895696,999.3339965820312,990.7237345377604,1000.4187990299185,992.397154985289,8.021644044629511,7.852540117559393,54.309006211180126,996.7001159667968,1013.121160421512,980.2790715120817,0.0065222681533172455,0.009792542516699613,16780307.4,1.185657421269887
2025-07-30,1014.0,1016.2999877929688,1008.5,1012.9000244140625,15154036,1001.0567749023437,992.6852661132813,1002.3389875505561,993.9158860540871,8.42310149646903,7.966652393341321,56.91146598824618,997.8183654785156,1015.4715148353605,980.1652161216707,0.0020775985817720333,0.009784229762823313,16496249.8,0.9186352161083302
2025-07-31,1007.2999877929688,1015.7000122070312,1004.0,1009.0999755859375,22183032,1002.8683837890625,994.4971069335937,1003.3791395559995,995.0406334268168,8.338506129182633,8.041023140509584,62.09495062223104,998.7191833496094,1016.759771734286,980.6785949649327,-0.0037516524203099477,0.009718384061990952,16461637.2,1.3475592816490938
2025-08-01,1007.0,1014.1500244140625,1004.6500244140625,1006.0999755859375,11317258,1005.8513305664062,995.7254842122396,1003.7977297144514,995.859843957122,7.937885757329354,8.020395663873538,60.1386097100788,999.4151336669922,1017.467626437829,981.3626408961554,-0.0029729462616011615,0.008029489512144711,15980418.4,0.7081953498789494
2025-08-04,1005.0499877929688,1009.25,994.0499877929688,996.0,13933946,1005.6746276855469,996.8852396647136,1002.5980789891512,995.870225886224,6.727853102927156,7.761887151684262,50.41289872451156,999.6534698486328,1017.3739523107281,981.9329873865374,-0.010038739519952156,0.005662006860800472,15142905.2,0.9201633250665797
2025-08-05,993.25,997.2000122070312,982.75,988.7999877929688,23978058,1004.4487426757812,997.5994384765625,1000.4752957282001,995.3465045459828,5.128791182217242,7.2352679577908585,46.37563598181171,999.1826721191406,1017.552396617837,980.8129476204443,-0.007228927918706107,0.005919699201294706,16057029.6,1.493305959901824
2025-08-06,985.5499877929688,994.0,985.0,992.6500244140625,14080204,1002.7499938964844,998.1245951334636,999.2714078337174,995.1467652769517,4.124642556765707,6.613142877585828,50.88654509175277,998.6599884033203,1017.1544215189009,980.1655552877397,0.0038936454982034796,0.0052020634303096445,16101558.4,0.8744621887034238
2025-08-07,990.0499877929688,1000.7999877929688,988.4000244140625,997.7000122070312,13081186,1002.0599975585938,998.1339965820313,999.0296546603811,995.3358946791798,3.6937599812013104,6.029266298308925,62.70956606602584,998.5144927978515,1016.9901108251175,980.0388747705855,0.005087379911111745,0.005460043051447331,15498959.4,0.8440041464977319
2025-08-08,993.5499877929688,996.4000244140625,985.0,986.9500122070312,13895264,1000.525,997.5340250651042,997.1712481290965,994.7147181997614,2.4565299293351472,5.3147190245141696,42.64729798801171,998.3925994873047,1017.1517384743246,979.6334605002847,-0.010774781866765504,0.0063289344229660064,15957826.0,0.8707491860106759
2025-08-11,987.9500122070312,998.7999877929688,986.5499877929688,997.7999877929688,9105854,999.8799987792969,997.5184977213542,997.2679773081537,994.9432566881471,2.3247206200065875,4.716719343612653,47.99124761382353,998.8306610107422,1017.0721349887558,980.5891870327287,0.010993439841674002,0.0074308813100658075,15662453.4,0.5813810753301267
2025-08-12,995.9500122070312,998.0,983.75,984.9500122070312,12937802,997.2950012207032,996.8984110514323,995.3729057541349,994.2030163562126,1.1698893979222476,4.0073533544745725,35.54385663943273,998.3144989013672,1017.5376090289735,979.0913887737609,-0.012878308020789153,0.007878283243074576,14966664.0,0.8644412676064619
2025-08-13,997.0,997.0,984.5499877929688,990.1500244140625,13577396,995.0200012207031,996.8855773925782,994.5693855479699,993.9027947308681,0.6665908171017918,3.3392008470000163,41.55467976359325,998.0383880615234,1017.5773380854574,978.4994380375894,0.005279468138062349,0.008148118865545858,14809000.0,0.9168340873792964
2025-08-14,989.0,998.0,985.5999755859375,995.5499877929688,17511716,993.6650024414063,997.0344563802083,994.7202474318159,994.0248090317644,0.6954384000514438,2.8104483576103023,46.19289444948576,998.2666931152344,1017.5637825108695,978.9696037195993,0.0054536820135935304,0.008471813459112784,14341868.4,1.2210205470857618
2025-08-18,1005.0,1013.2999877929688,997.7999877929688,1001.7999877929688,19284796,993.2350036621094,997.3550903320313,995.8094382566087,994.600748199261,1.2086900573476669,2.4900966975577754,48.682080750256254,999.5431671142578,1015.8614369331076,983.224897295408,0.0062779368958214565,0.008770895051686281,15138622.2,1.2738805252699945
2025-08-19,999.1500244140625,1003.0499877929688,993.3499755859375,995.5499877929688,12352438,993.1900024414062,997.4989807128907,995.7695228006642,994.6710622432394,1.0984605574248008,2.2117694695311805,41.77010470507477,999.4323150634766,1015.831308724524,983.0333214024292,-0.006238770289635487,0.008380202322110744,14980471.4,0.8245693790383659
2025-08-20,993.5,996.0,989.5,994.0999755859375,9950228,993.7200012207031,997.3617818196615,995.5126693830139,994.6287595278836,0.8839098551302413,1.9461975466509929,39.78258215862771,999.0843719482422,1015.6326757046575,982.5360681918269,-0.0014564936214260804,0.00801899218959048,13577688.4,0.7328366734355164
2025-08-21,998.75,998.75,991.5999755859375,995.5999755859375,12439850,994.0149963378906,997.1116577148438,995.5261011065406,994.70070145811,0.8253996484306754,1.7220379670069295,42.47491229168425,998.3824951171875,1014.2217523016432,982.5432379327319,0.0015089025619539065,0.007944071075543353,13413653.0,0.92740210291708
2025-08-22,994.9500122070312,998.0,978.5499877929688,982.2999877929688,19833502,992.4749938964844,996.5013264973958,993.4913144429142,993.782130075507,-0.29081563259273935,1.319467247086996,38.099998840331324,997.2674957275391,1014.3543655983444,980.1806258567337,-0.013358766692557755,0.008809859517375222,14088884.6,1.4077411067729237
2025-08-25,980.0999755859375,988.7000122070312,978.5,982.0499877929688,17518044,991.9849914550781,996.2567301432292,991.7311103429226,992.9130824990226,-1.1819721560999596,0.8191793664496048,42.26288526130708,996.254995727539,1014.4501875491154,978.0598039059627,-0.0002545047369507669,0.008188014382906705,14451162.6,1.2122238524947466
2025-08-26,979.5,985.7000122070312,968.0,973.4000244140625,16917731,989.5449951171875,995.735439046224,988.9109432769442,991.4676707890255,-2.556727512081352,0.14399799074341346,41.59389861091584,994.7124969482422,1015.1467424380504,974.278251458434,-0.008808068312638473,0.007471430492295148,15232350.3,1.110644822815032
2025-08-28,967.0,972.2000122070312,955.0,957.7999877929688,25438255,986.8299926757812,994.4863301595052,984.1246424332558,988.9737683448732,-4.849125911617421,-0.8546267897287534,33.139784501722986,992.0624969482421,1016.9693901685334,967.1556037279508,-0.016026336788397155,0.00800688977989565,16482395.6,1.5433590854960428
2025-08-29,954.0,963.2999877929688,950.0999755859375,951.5999755859375,14823813,982.9749877929687,993.0172546386718,979.1208475336683,986.2053392516186,-7.0844917179503,-2.100599775373063,27.942553326943624,988.9974945068359,1017.8776701942763,960.1173188193955,-0.006473180503288378,0.007544540302700423,16607037.3,0.8926223703971569
2025-09-01,949.5999755859375,957.4500122070312,946.3499755859375,950.5999755859375,20178344,978.4799865722656,991.6711242675781,974.7330210801713,983.5679049060126,-8.834883825841302,-3.4474565854667114,30.817910270854554,986.0724945068359,1018.0624725937234,954.0825164199484,-0.00105086173356006,0.006897563881418602,16873700.1,1.1958458358519717
2025-09-02,951.0,954.7999877929688,944.0,944.5,14196320,972.7499877929688,990.6121073404948,970.0817870678372,980.6739860240857,-10.592198956248467,-4.876405059623062,20.38887558924398,982.9924957275391,1018.5286841528183,947.4563073022599,-0.006416974271619913,0.0057479233849843155,16364852.5,0.8674884176316285
2025-09-03,945.0,956.2999877929688,940.0,954.4500122070312,16083481,968.639990234375,989.1682067871094,967.6768986277132,978.7314694450447,-11.054570817331523,-6.112038211164755,32.491384300155715,980.9149963378907,1018.0705906347506,943.7594020410307,0.01053468735524743,0.007729965809407776,16737956.8,0.9608987041954845
2025-09-04,960.2000122070312,965.7000122070312,956.25,961.25,17597657,965.3549926757812,987.8412455240885,966.6881449926803,977.4365457824488,-10.748400789768425,-7.039310726885489,33.70910917523362,979.5374969482422,1017.4963258643162,941.5786680321681,0.007124509095290055,0.008503497066188345,17502699.7,1.005425294476143
2025-09-05,967.5,967.5,954.0499877929688,963.4000244140625,11602111,962.1349975585938,986.2999959309896,966.1822802882775,976.3968034588646,-10.214523170587086,-7.674353215625809,31.18785325564835,978.0749969482422,1016.1603493155609,939.9896445809235,0.002236696399544824,0.008552412040341786,17418925.8,0.6660635181074139
2025-09-08,969.0,973.1500244140625,960.4500122070312,966.0,11711307,960.5049987792969,985.013330078125,966.1542371670041,975.6266698693191,-9.472432702315018,-8.03396911296365,28.117363609163036,976.4899963378906,1013.7663938292184,939.2135988465628,0.002698749761314234,0.00792805650392354,16606706.3,0.7052155188654116
2025-09-09,974.0,974.4000244140625,962.7000122070312,965.1500244140625,13985539,958.8150024414062,983.7749979654948,965.9997428973207,974.8506220578186,-8.850879160497811,-8.197351122470483,30.10472647209437,975.3999969482422,1012.6634619255213,938.1365319709631,-0.0008798919109084258,0.007918342716875122,16253455.8,0.8604655632680897
2025-09-10,973.9000244140625,973.9000244140625,961.7000122070312,965.9000244140625,18091100,958.0650024414062,982.4966654459636,965.9844015922041,974.1876148249477,-8.203213232743565,-8.198523544525099,31.373864358348357,973.8049987792969,1009.7385548901431,937.8714426684506,0.0007770812630454316,0.0075339340290915885,16370792.7,1.1050839340235492
2025-09-11,960.2999877929688,969.25,959.9000244140625,967.7999877929688,15113633,959.0650024414062,981.0633321126302,966.2637225461679,973.7144572670234,-7.4507347208555075,-8.048965779791182,31.734547300695127,972.9474975585938,1008.5784711510212,937.3165239661664,0.00196703937351983,0.005295627604555525,15338330.5,0.9853505894921224
2025-09-12,969.9000244140625,970.75,962.25,967.2999877929688,14363519,960.6350036621094,979.5433308919271,966.4231479687526,973.2393113800563,-6.816163411303705,-7.802405306093687,38.15164505846076,971.8049957275391,1006.5682584100883,937.0417330449899,-0.000516635675043009,0.004650923859740967,15292301.1,0.9392647258299145
2025-09-15,969.5999755859375,972.3499755859375,965.0,967.0499877929688,14486377,962.2800048828125,978.1416646321615,966.5195848647859,972.780842966198,-6.261258101412068,-7.494175865157363,38.15164505846076,970.379995727539,1003.3344268036593,937.4255646514188,-0.0002584513627157392,0.004606380032302006,14723104.4,0.9839213664748584
2025-09-16,961.2000122070312,969.3499755859375,961.2000122070312,966.8499755859375,18661794,964.5150024414063,976.8333312988282,966.5704142065015,972.341519456549,-5.771105250047526,-7.149561742135396,44.02912329663433,968.6324951171875,998.0930628003268,939.1719274340483,-0.00020682716463060746,0.0037197875225192414,15169651.8,1.2302058245002037
2025-09-17,965.1500244140625,974.4000244140625,964.3499755859375,966.5,17361476,965.7200012207031,975.8499979654948,966.5595812516551,971.9088143116195,-5.3492330599643765,-6.789496005701192,60.98488760105116,967.1799957275391,993.7781555884903,940.5818358665879,-0.00036197506828850035,0.002426088102271783,15297451.3,1.1349260513743227
2025-09-18,973.2999877929688,979.6500244140625,969.25,976.9000244140625,17791598,967.2850036621094,975.4533325195313,968.1504186612563,972.2785335784672,-4.128114917210951,-6.257219788003144,78.8813825740157,966.3199981689453,990.229682351063,942.4103139868275,0.0107605012044103,0.0034565955203114535,15316845.4,1.1615706456108774
2025-09-19,974.9000244140625,976.7000122070312,962.0999755859375,966.9000244140625,31243267,967.6350036621094,974.5949991861979,967.9580503155341,971.880125492215,-3.9220751766808917,-5.790190865738694,65.43567371115073,964.8850006103515,984.444796821016,945.3252043996871,-0.010236462022813364,0.00507948501417926,17280961.0,1.807958886082782
2025-09-22,964.0,971.2000122070312,961.9500122070312,964.2000122070312,10854415,967.4550048828125,973.4783325195312,967.3798906065338,971.311228211831,-3.9313376052972444,-5.418420213650405,69.93929839171008,963.9800018310547,981.7391430312147,946.2208606308947,-0.0027924419679971058,0.005097063669224188,17195271.8,0.6312441656199933
2025-09-23,967.0,968.2000122070312,955.5,957.2000122070312,21022298,966.6600036621094,972.4866658528646,965.8137554681487,970.2659529522163,-4.452197484067597,-5.2251756677338435,52.96017533993135,962.7375030517578,978.5432748762747,946.9317312272409,-0.007259904492198821,0.005572268006544936,17898947.7,1.1744991019779336
2025-09-24,952.2000122070312,956.4500122070312,943.0,951.0499877929688,15117220,965.175,970.9283325195313,963.542406595044,968.8425481256053,-5.300141530561291,-5.240168840299333,38.86461252660294,961.6200012207031,977.4119975504625,945.8280048909437,-0.006425014976631949,0.005804535035197709,17601559.7,0.858856843237591
2025-09-25,952.5,958.0,947.4000244140625,949.8499755859375,31413279,963.3799987792969,969.7583312988281,961.4358787474891,967.4356909004447,-5.999812152955542,-5.392097502830575,34.89402875798493,961.2225006103515,977.8000365806829,944.6449646400201,-0.001261776165747075,0.00567660200958768,19231524.3,1.6334263738002297
2025-09-26,945.0999755859375,951.4500122070312,941.2999877929688,945.0499877929688,14874656,961.1549987792969,968.2549967447917,958.9149724467936,965.7774906702613,-6.862518223467646,-5.686181646957989,27.736431835841984,960.8950012207031,978.4999161176096,943.2900863237966,-0.005053416767219265,0.005738626924642239,19282638.0,0.7714015063706532
2025-09-29,946.0499877929688,956.7999877929688,939.0999755859375,950.2999877929688,32398179,959.4799987792969,966.7466634114584,957.5895901923591,964.631008975647,-7.041418783287895,-5.957229074223971,35.56848095454454,960.8800018310546,978.522320228556,943.2376834335532,0.005555261698125147,0.006241929854889007,21073818.2,1.5373663515802751
2025-09-30,958.0499877929688,960.0,946.2999877929688,951.0,28296687,957.8950012207031,965.0533304850261,956.5758070858424,963.6213046070806,-7.04549752123819,-6.174882763626814,35.505819711258724,961.2050018310547,977.7842635680349,944.6257400940744,0.0007366223466518385,0.006274524944681545,22037307.5,1.2840355837481507
2025-10-01,952.7000122070312,969.5999755859375,946.0,965.25,25350832,957.7700012207031,964.0433308919271,957.910298303405,963.7419487102597,-5.831650406854692,-6.10623629227239,48.000011488959586,961.7450012207031,978.0998926977948,945.3901097436114,0.014984227129337446,0.008201080721247797,22836243.1,1.1101139486468332
2025-10-03,952.0,966.75,952.0,965.1500244140625,26658296,956.5950012207031,963.0783325195313,959.0241023204293,963.8462506142452,-4.8221482938158715,-5.849418692581088,48.303108022047795,961.9400024414062,978.3629030413399,945.5171018414726,-0.00010357481060607743,0.007269286540291366,23722912.9,1.1237362002033064
2025-10-06,971.9000244140625,977.4000244140625,962.0,973.4500122070312,18542683,957.25,962.340000406901,961.2434730722141,964.557640361859,-3.3141672896448426,-5.342368411993839,54.481808281288195,962.4425018310546,979.6497766234506,945.2352270386586,0.008599686663228967,0.007101942078809933,22452854.5,0.8258496931871179
2025-10-07,974.0,989.8499755859375,971.0,982.5,25535736,959.0799987792968,962.3466674804688,964.5137079841812,965.8867040387584,-1.3729960545771291,-4.548493940510497,59.75079402745327,963.2675018310547,982.6390158714676,943.8959877906418,0.009296818202765733,0.007461609157399146,23920986.6,1.0675034615838126
2025-10-08,976.0,985.9000244140625,974.5499877929688,978.7000122070312,15939710,961.2299987792969,962.2350016276042,966.6962163261582,966.835837977149,-0.13962165099087542,-3.6667194826065725,57.28793932362556,963.9450012207031,984.5050660823903,943.384936359016,-0.0038676720539122522,0.007065135077443708,23412727.8,0.680813877655042
2025-10-09,974.5,979.0,970.1500244140625,977.0999755859375,15370950,963.8349975585937,962.3583333333333,968.2967946738165,967.5961444666889,0.7006502071276373,-2.793245544659731,50.133478709412444,964.5049987792969,985.8831064123307,943.1268911462631,-0.0016348590999663015,0.006555948085773764,23438100.8,0.6558103888690503
2025-10-10,979.0,986.2000122070312,978.0999755859375,980.9000244140625,13757080,966.9400024414062,963.1283345540364,970.2357530953929,968.5816170553833,1.6541360400095755,-1.9037692277258698,60.18921766694919,965.1600006103515,987.7325546171244,942.5874466035787,0.0038891095313415835,0.006408590981372275,21672480.9,0.6347718133183359
2025-10-13,974.2999877929688,981.0,972.0,977.0,18634254,970.1350036621094,963.9750020345052,971.2764064653325,969.2052009772067,2.07120548812577,-1.108774284555542,59.15591712850461,965.6450012207031,988.8199534521215,942.4700489892847,-0.003975965253331659,0.00626101849448145,22048440.7,0.8451506504947536
2025-10-14,970.0,980.4500122070312,967.0,977.1500244140625,22934382,972.8200073242188,964.8600036621094,972.1800399959063,969.7937064169738,2.386333578932522,-0.4097527118579292,65.82075927408465,966.1500030517578,989.8872200496978,942.4127860538179,0.00015355620681933857,0.006282404216013647,21102061.0,1.0868313763285966
2025-10-15,975.0,984.9000244140625,973.3499755859375,978.25,23310447,975.5450073242188,965.9850036621094,973.1138799965361,970.420098534235,2.6937814623011036,0.21095412297387733,73.44826171005595,966.720004272461,991.0676418887685,942.3723666561534,0.001125697752089927,0.006269343237916996,20603437.0,1.1313863313193813
2025-10-16,982.6500244140625,996.5999755859375,981.5,994.3499755859375,22936566,978.4550048828125,967.3150024414062,976.3809716256748,972.1926820195463,4.188289606128478,1.0064212196047975,80.52125178123802,968.1125030517578,995.41363577936,940.8113703241556,0.016457935687132608,0.006595208403619462,20362010.4,1.1264391653586427
2025-10-17,993.9500122070312,1009.0,986.0,1002.5499877929688,25210511,982.1950012207031,968.6916687011719,980.4069741129508,974.4413713360962,5.9656027768546664,1.9982575310547714,87.68018558515318,969.3950012207031,1000.5693667746725,938.2206356667336,0.008246605730743095,0.0066874018114281035,20217231.9,1.246981343672474
2025-10-20,997.0,1020.0,997.0,1002.9500122070312,22195202,985.1450012207031,970.0100016276042,983.8751338197324,976.5531225117209,7.322011308011497,3.0630082864461166,86.84392613258753,971.1975006103515,1005.7502180556903,936.6447831650128,0.00039900695120764773,0.006538551243165106,20582483.8,1.0783539156727042
2025-10-21,1006.0,1010.0,1004.0,1007.7000122070312,3471600,987.6650024414063,971.4000020345052,987.5404997254707,978.8602995261883,8.680200199282353,4.186446669013364,87.54964660268894,973.3725006103516,1011.3748131507439,935.3701880699593,0.004736028657646996,0.006201612464794356,18376070.2,0.18891960915560718
2025-10-23,1016.0,1020.5,1006.0,1008.7999877929688,43526526,990.675,972.8550008138021,990.8111901973934,981.0780542126165,9.733135984776936,5.295784532166079,84.92378685968187,975.9524993896484,1016.2677425441451,935.6372562351518,0.0010915704799172588,0.00581752012647689,21134751.8,2.0594765631456338
2025-10-24,1011.0,1011.9500122070312,991.2999877929688,994.75,17707768,992.4400024414062,973.8166666666667,991.417160936256,982.090790937608,9.326369998648033,6.10190162546247,69.39708823294137,978.1375,1017.4954814346752,938.7795185653249,-0.013927426608823623,0.007858035078353372,21368433.6,0.8286881636471471
2025-10-27,996.5,1009.0499877929688,996.2000122070312,1002.9500122070312,15700796,994.6450012207031,974.9883341471354,993.1914457471446,983.6359184390467,9.555527308097908,6.792626761989558,69.35693677500797,980.7925018310547,1019.270073883514,942.3149297785953,0.008243289476784321,0.008102286113471467,21562805.2,0.7281425516935988
2025-10-28,997.6500244140625,1008.0,995.0,1003.5499877929688,33904289,997.3,976.1966674804687,994.7850676003483,985.1110346874854,9.674032912862913,7.36890799216423,65.53503234635144,983.7175018310547,1019.5585257386618,947.8764779234476,0.0005982108566080502,0.007836175387555997,23089808.7,1.468365954889873
2025-10-29,1004.9000244140625,1012.5,1000.0,1007.8499755859375,17769445,1000.3699951171875,977.5566670735677,996.795053444285,986.7954006799633,9.999652764321695,7.895056946595724,71.35526542891355,986.5950012207031,1020.3176976707291,952.8723047706771,0.004284776887323094,0.0077950725091387564,22573315.0,0.7871881024120737
2025-10-30,1000.0,1009.5,997.0999755859375,998.1500244140625,19962917,1002.3599975585937,978.6000020345052,997.0035105165585,987.6364839195262,9.36702659703235,8.18945087668305,63.78523612259157,988.9525024414063,1018.5361196157914,959.3688852670211,-0.009624399867882771,0.00878049715541598,22238562.0,0.8976712163313437
2025-10-31,994.0,1004.4500122070312,981.1500244140625,987.2999877929688,23221330,1001.6549987792969,979.2933349609375,995.5106608667754,987.611558280522,7.899102586253434,8.131381218597127,53.83691018533766,990.0550018310547,1017.4844002315709,962.6256034305385,-0.010870146126042535,0.00801778530069098,22267038.4,1.0428566917098414
2025-11-03,985.0,994.5499877929688,983.2999877929688,992.6500244140625,16607180,1000.6650024414063,979.8183349609375,995.0705629509735,987.9847779941176,7.085784956855832,7.922261966248869,59.222173787317054,991.4300018310547,1016.234204577589,966.6257990845204,0.00541885616047999,0.007711919737982916,21406705.3,0.7757933678845945
2025-11-04,987.0,997.0,983.7000122070312,985.25,20024544,998.8950012207031,980.430000813802,993.5597071123622,987.7822018464052,5.777505265956961,7.493310626190487,54.39738204836955,992.0200012207031,1015.5521993694848,968.4878030719213,-0.00745481713802465,0.007953698960921253,21189639.5,0.9450157941573286
2025-11-06,981.0,991.0499877929688,974.0,984.6500244140625,22279516,996.5900024414062,981.1116678873698,992.1889866972391,987.5501887032686,4.6387979939704564,6.922408099746482,53.49346403922243,992.1275024414062,1015.4956574066505,968.759347476162,-0.0006089577121923817,0.007642891607491207,23070431.1,0.9657173679775753
2025-11-07,980.0,984.9000244140625,974.75,982.2999877929688,15004568,993.9400024414062,981.9483337402344,990.6676022504283,987.1612849321352,3.5063173182930996,6.239189943455806,42.26076934837063,992.3075012207031,1015.2924859063098,969.3225165350964,-0.0023866719776828305,0.007550747471199513,20218235.3,0.7421304469633905
2025-11-10,982.2999877929688,990.9500122070312,980.2000122070312,984.5,15988262,992.9150024414063,983.0633341471354,989.7187403657471,986.9641527149399,2.7545876508071387,5.542269484926073,37.43912415232532,992.6775024414062,1014.8558249352824,970.49917994753,0.0022396541121558755,0.006524794988721955,20046284.7,0.7975673417428817
2025-11-11,983.5,993.5,978.0,991.7000122070312,10200530,991.7900024414063,984.4583353678386,990.0235514182523,987.3149571217615,2.708594296490787,4.975534447239016,42.84806324994063,993.2175018310547,1014.7035313567898,971.7314723053197,0.007313369433246564,0.006383259242631146,19496258.1,0.5232045014832871
2025-11-12,998.7999877929688,999.0,987.7000122070312,989.5,13137263,990.3850036621094,985.9400024414062,989.9430050462136,987.4768121497792,2.466192896434336,4.47366613707808,38.04204766835389,993.8425018310547,1014.0302256251266,973.6547780369829,-0.0022184251083501305,0.0063616631975230075,17419555.5,0.7541675216683916
2025-11-13,984.0,990.0999755859375,982.5999755859375,986.6500244140625,14124839,988.2650085449219,987.151670328776,989.4363926412673,987.4155686138001,2.0208240274671425,3.983097715155893,35.77395442553676,994.3175018310546,1013.2601595727172,975.3748440893921,-0.002880217873610369,0.00604713963932247,17055094.9,0.8281888246778387
2025-11-14,976.0499877929688,991.6500244140625,976.0499877929688,989.5999755859375,21386965,987.4100036621094,988.4383361816406,989.4615592481396,987.5773765376621,1.8841827104774893,3.5633147142202124,46.14230380969101,994.8850006103515,1012.4293185239383,977.3406826967648,0.002989865807409231,0.005604267036689247,17197499.7,1.243608976483948
2025-11-17,991.25,997.9500122070312,985.5999755859375,996.5499877929688,18396408,988.3350036621093,989.4816691080729,990.5520867165749,988.2420144084256,2.3100723081493015,3.3126662330060306,45.114485180104964,994.9950012207031,1012.5527771879895,977.4372252534167,0.007023052120546103,0.00485435796949497,16715007.5,1.1005922671587194
2025-11-18,997.6500244140625,999.0,990.0,992.4500122070312,20002640,988.3150024414062,990.3916687011719,990.8440752535682,988.5537179490631,2.2903573045051644,3.1082044473058574,41.95653943048008,994.4900024414062,1011.7105977119322,977.2694071708802,-0.004114169521006739,0.004813728302827822,17054553.5,1.1728621332713285
2025-11-19,990.0,996.5499877929688,984.0,994.5999755859375,19813847,989.25,991.0966674804688,991.4219060739327,989.0015888851278,2.4203171888049155,2.9706269956056692,40.089749559469354,994.0725006103515,1010.8280901271781,977.3169110935249,0.0021663190613752104,0.0040633469615700924,17033483.8,1.163229274330833
2025-11-20,995.2999877929688,1011.5999755859375,992.4500122070312,1008.8499755859375,19850865,991.6699951171875,991.975,994.1031475373181,990.4718397518544,3.6313077854637186,3.1027631535772793,57.4929604434194,994.1299987792969,1011.0891449148014,977.1708526437924,0.014327368137732943,0.005799810257646227,16790618.7,1.1822592933993552
2025-11-21,1003.0999755859375,1008.2999877929688,996.5499877929688,998.0499877929688,17499897,993.2449951171875,992.6199991861979,994.7103537304952,991.0331840511963,3.6771696792989133,3.217644458721606,57.53328919296696,993.5924987792969,1009.2233699879471,977.9616275706467,-0.010705246621725006,0.007035000844721299,17040151.6,1.0269801238153302
2025-11-24,1000.0,1011.4500122070312,993.5999755859375,999.1500244140625,32204053,994.7099975585937,993.3550008138021,995.3933799895055,991.6344314854827,3.7589485040228965,3.3259052677818643,54.843518900893784,993.8125,1009.6346557609284,977.9903442390716,0.0011021858970474696,0.0070329590440936715,18661730.7,1.7256734392807416
2025-11-25,1004.0,1006.0999755859375,988.4000244140625,989.7999877929688,24989383,994.5199951171875,993.6516662597656,994.5328581131153,991.4985467675187,3.0343113455965067,3.267586483344793,53.29470571856645,993.1549987792969,1008.4629112785863,977.8470862800075,-0.009357990684709216,0.007464609567265658,20140616.0,1.2407457150267895
2025-11-26,981.2999877929688,1006.9500122070312,981.2999877929688,1003.9000244140625,19494356,995.9599975585937,994.5483337402344,995.9739606209532,992.4171747413368,3.5567858796164273,3.32542636259912,61.6595933456562,993.1725006103516,1008.5311705923357,977.8138306283674,0.014245339255392064,0.008678685012512484,20776325.3,0.9382966293851781
2025-11-27,1002.0999755859375,1016.7999877929688,1001.0,1009.5,25536848,998.2449951171875,995.6266662597657,998.0548897561912,993.6825692049415,4.372320551249686,3.534805200329233,65.85082521961633,993.2550018310546,1008.9594723163073,977.550531345802,0.005578220390228594,0.008618529560472746,21917526.2,1.165133681920727
2025-11-28,1007.0,1012.0499877929688,1004.2000122070312,1007.5999755859375,15988807,1000.0449951171875,996.6049987792969,999.523364499229,994.7134881961264,4.809876303102669,3.7898194208839207,63.50875765259503,993.7274993896484,1010.5788389577526,976.8761598215442,-0.0018821440456290306,0.008713977595604999,21377710.4,0.7479195246278573
2025-12-01,1017.5,1017.5,999.2999877929688,1002.0999755859375,16746566,1000.5999938964844,996.8633321126302,999.9197662048765,995.2606354101864,4.6591307946901,3.963681695645157,56.20522965027141,994.4674987792969,1011.429870667104,977.5051268914898,-0.005458515416102205,0.00878245342142059,21212726.2,0.7894584525396835
2025-12-02,988.0,994.4000244140625,985.0,989.7999877929688,27316662,1000.3349914550781,996.4383321126302,998.362877218429,994.8561429940962,3.506734224332831,3.8722922013826917,50.15973797122702,994.3249969482422,1011.3991762571063,977.250817639378,-0.012274212246913607,0.009608362902987383,21944128.4,1.2448278419661454
2025-12-03,986.0,1002.2999877929688,986.0,1000.5,15448777,1000.9249938964844,996.3566650390625,998.6916653386708,995.274206476015,3.417458862655735,3.781325533637301,56.8058848088145,995.0874969482422,1011.8137955834802,978.3611983130043,0.010810277166086735,0.010217022139849546,21507621.4,0.7182931442153804
2025-12-04,1000.0,1004.7000122070312,993.0,997.2000122070312,14528169,999.7599975585938,996.0066650390625,998.4621802414954,995.4168587523866,3.045321489108801,3.634124724731601,53.72185793101057,995.7149963378906,1011.7186133093506,979.7113793664306,-0.0032983386236569157,0.009046398299407841,20975351.8,0.6926305283709234
2025-12-05,992.0,1008.0,990.2000122070312,1003.2999877929688,12843366,1000.2849975585938,995.8233317057292,999.2064583263375,996.0007942368742,3.205664089463312,3.548432597677943,53.33333333333333,996.7649963378906,1011.7882728949152,981.741719780866,0.006117103400788082,0.008620849887172962,20509698.7,0.6262093942901268
2025-12-08,1000.0,1006.5,997.5,1003.0999755859375,12901022,1000.6799926757812,996.1016642252604,999.8054609816606,996.52665952199,3.2788014596706034,3.4945063700764756,55.46993290837583,997.6949951171875,1011.7959346546186,983.5940555797565,-0.00019935434014228814,0.008621549375571098,18579395.6,0.6943725338406594
2025-12-09,994.9000244140625,1002.7999877929688,994.0,997.0999755859375,15294322,1001.4099914550782,995.9066630045573,999.3892324592416,996.5691273785787,2.82010508066287,3.3596261121937543,51.23517697166934,997.9649932861328,1011.7866361403989,984.1433504318667,-0.005981457627386777,0.008253990271853489,17609889.5,0.8685075508281866
2025-12-10,997.5,998.5,985.2999877929688,989.7999877929688,15322830,999.9999877929688,995.448329671224,997.9139640490457,996.0677096314965,1.8462544175491757,3.0569517732648386,39.89391222470248,997.9799926757812,1011.7635550210038,984.1964303305587,-0.007321219508283461,0.007073744816727729,17192736.9,0.8912385555088673
2025-12-11,990.0,1002.7000122070312,988.5,1000.2999877929688,11844809,999.0799865722656,995.1966634114583,998.2810446250338,996.3812117175315,1.8998329075022866,2.825528000112328,51.19744451619526,998.6624908447266,1011.3956587096455,985.9293229798076,0.010608203808339711,0.007769035519682526,15823533.0,0.7485565328552101
2025-12-12,1003.0,1004.7000122070312,998.2000122070312,1001.5,11988618,998.4699890136719,995.3083292643229,998.7762685288748,996.7603812199367,2.0158873089380904,2.663599861877481,51.24932183194931,999.2574920654297,1011.3010636177881,987.2139205130712,0.0011996523259776293,0.007786321538965942,15423514.1,0.7772948448888182
2025-12-15,992.0,1001.7999877929688,992.0,996.0999755859375,9790060,997.8699890136719,995.6016621907552,998.3645311530383,996.7114622840849,1.6530688689534827,2.461493663292681,53.49610723215501,999.2349914550781,1011.3015208923119,987.1684620178443,-0.005391936509298589,0.007781713439719038,14727863.5,0.6647304953634313
2025-12-16,990.0999755859375,998.7000122070312,990.0999755859375,994.2999877929688,20049088,998.3199890136718,995.656660970052,997.7392167899507,996.5328345440022,1.2063822459484754,2.21047137982384,43.830309686782904,999.327490234375,1011.2018551694018,987.4531252993481,-0.0018070352746569762,0.0066553784120117416,14001106.1,1.4319645788556663
2025-12-17,996.0,996.0,980.7999877929688,984.0,19080922,996.6699890136719,995.6149943033854,995.6254911299582,995.6044764296316,0.021014700326531965,1.7725800439243784,34.54545454545455,998.7974914550781,1012.3832205420047,985.2117623681515,-0.010359034415590718,0.006362487364739976,14364320.6,1.3283553417764848
2025-12-18,973.2999877929688,987.4000244140625,973.2999877929688,979.7000122070312,14912404,994.9199890136719,995.4499938964843,993.1754174495079,994.4263679686983,-1.2509505191903827,1.1678739313014264,33.56891907338672,997.3399932861328,1012.5431260906415,982.136860481624,-0.004369906293667403,0.006402356538267465,14402744.1,1.0353863053083059
2025-12-19,987.0,988.0,978.7000122070312,985.5,25952384,993.139990234375,995.5566609700521,991.9945839957375,993.7651555265725,-1.7705715308350136,0.5801848388741384,40.25822470693079,996.7124938964844,1012.8023642811346,980.6226235118341,0.0059201671130970634,0.006375714305068415,15713645.9,1.6515825903904324
2025-12-22,988.0,992.9000244140625,983.9000244140625,987.7000122070312,13540411,991.5999938964844,995.6633280436198,991.3338806436288,993.3158856510508,-1.9820050074220035,0.06774686961491005,48.601879980949874,996.1399932861328,1012.6733840290605,979.6066025432052,0.0022323817422944536,0.006487674879005023,15777584.8,0.8582055600803996
2025-12-23,990.5,998.9000244140625,987.7000122070312,996.5999755859375,17927849,991.5499938964844,995.82666015625,992.1440490962916,993.5591515721536,-1.4151024758619997,-0.2288229994804719,47.33968055183164,996.4799926757812,1012.7418674773279,980.2181178742345,0.009010796060454851,0.0070516827593452205,16040937.5,1.1176309988116342
2025-12-24,993.0,999.4000244140625,993.0,997.2000122070312,13699996,992.2899963378907,996.0833272298177,992.9218895748669,993.8288449525149,-0.9069553776480461,-0.36444947511398673,50.0,996.1449920654297,1012.0350602395087,980.2549238913508,0.00060208372044257,0.006569803567157764,15878654.1,0.8627932766669437
2025-12-26,996.0,997.2000122070312,987.7000122070312,992.0999755859375,9360853,991.4699951171875,996.2649922688802,992.7954412688778,993.7007805549906,-0.9053392861128486,-0.4726274373137591,41.95401845260176,995.2749908447265,1009.9447997635594,980.6051819258936,-0.005114356757583871,0.005787002696321345,15630258.5,0.5988930381413717
2025-12-29,993.0999755859375,997.4000244140625,987.2000122070312,991.7000122070312,13545749,990.4899963378906,996.3349934895833,992.6269137209014,993.5525754921788,-0.9256617712774187,-0.5632343041064911,41.83383569298087,994.4799926757812,1008.0170795641696,980.9429057873928,-0.0004031482600027614,0.005747287701218203,15785971.6,0.8580877593875819
2025-12-30,990.2000122070312,995.0,982.2000122070312,990.9000244140625,33155849,989.9700012207031,996.1466613769531,992.3612384429262,993.3560902271331,-0.9948517842069577,-0.6495578001265845,45.20127436919292,993.9199951171875,1007.0503577983062,980.7896324360687,-0.0008066832541308022,0.0055340781345658615,18122550.5,1.8295354729457092
2025-12-31,991.0,997.5999755859375,987.5999755859375,991.2000122070312,10963454,989.6600036621094,996.1049947102864,992.1825882527885,993.1963807441626,-1.0137924913741472,-0.722404738376097,51.215299485651435,993.9899963378906,1007.0425730781852,980.937419597596,0.0003027427445529973,0.00551931054265623,17213987.1,0.6368921933257403
2026-01-01,993.5,997.5499877929688,989.5,991.1500244140625,7132074,990.3750061035156,995.9899963378906,992.0237322775998,993.0447987937848,-1.0210665161849874,-0.7821370939378751,40.296956006757235,993.5224975585937,1006.2592702522812,980.7857248649062,-5.043159034823219e-05,0.0042476852306420525,16019102.3,0.4452230759522648
2026-01-02,991.1500244140625,1003.2000122070312,988.7999877929688,1001.5999755859375,11751459,992.5650024414062,995.7483296712239,993.4970004788826,993.6785155932035,-0.18151511432097323,-0.6620126980144948,50.088630992061084,993.7424957275391,1006.8920332579029,980.5929581971753,0.01054325875444806,0.004834663004927505,15703007.8,0.7483572032614032
2026-01-05,1005.75,1006.4000244140625,976.2999877929688,977.5,27647379,991.7650024414063,995.063330078125,991.0359234821314,992.480107030744,-1.4441835486126138,-0.8184468681341186,37.6165034183005,992.4524963378906,1006.6726832222137,978.2323094535675,-0.02406147780888168,0.009414653824876315,15872507.3,1.7418406857497555
2026-01-06,962.7000122070312,966.7000122070312,956.0,962.2000122070312,31988783,989.2150024414062,993.8316630045573,986.5996294398083,990.2371370438022,-3.6375076039939813,-1.3822590153060912,31.884859674019367,990.4074981689453,1009.206819421528,971.6081769163625,-0.015652161425032007,0.010424542273255228,17717344.5,1.8055066322156799
2026-01-07,956.0,956.4500122070312,946.0,949.0499877929688,52884712,984.4600036621093,992.473329671224,980.8227614941407,987.186237099296,-6.363475605155372,-2.3785023332759474,30.89116774510032,988.0049987792969,1014.0775014232961,961.9324961352977,-0.013666622580787324,0.010088242352756568,21213030.8,2.493029520326723
2026-01-08,944.7000122070312,953.0,941.4000244140625,946.7000122070312,21928849,979.4100036621094,990.5666625976562,975.5731077576623,984.1872574776468,-8.614149719984425,-3.625631810617643,31.564220665236363,985.85,1017.7674351214498,953.9325648785502,-0.002476134678008224,0.009950070492619579,22035916.1,0.9951412457955401
2026-01-09,945.0,950.5999755859375,933.2999877929688,939.0,38183839,974.1000061035156,988.2166625976563,969.9464757949451,980.8400532200433,-10.893577425098215,-5.079220933513758,24.562336059662258,982.7850006103515,1020.1654587334457,945.4045424872573,-0.008133529214899182,0.009994960914668201,24918214.7,1.532366562360505
2026-01-12,937.5,942.0,929.5999755859375,936.9500122070312,21071666,968.6250061035156,985.8616638183594,964.8700967814199,977.5889390709312,-12.718842289511372,-6.607145204713281,22.191743621232362,979.5575012207031,1021.0543076892374,938.0606947521688,-0.00218316058889112,0.009910779684475214,25670806.4,0.8208416078429075
2026-01-13,947.7000122070312,947.7000122070312,932.5999755859375,937.3499755859375,32042827,963.2700012207031,983.7033304850261,960.636231982115,974.6082751090798,-13.972043126964877,-8.080124789163602,14.199342958339656,976.6200012207031,1021.3758820709759,931.8641203704303,0.000426878033721545,0.009984725200466138,25559504.2,1.2536560470527438
2026-01-14,930.0,940.0499877929688,920.2000122070312,925.4500122070312,36688248,956.6950012207031,981.5583312988281,955.2229674013328,970.9669223015208,-15.743954900187987,-9.61289081136848,11.855316851319216,973.1775024414062,1022.5598816326727,923.7951232501397,-0.012695325853577355,0.009992146189342783,28131983.6,1.3041472127120108
2026-01-15,925.4500122070312,925.4500122070312,925.4500122070312,925.4500122070312,0,950.125,979.0566650390625,950.6425127560556,967.5952993315586,-16.95278657550307,-11.080869964195399,12.53505499353966,970.2500030517579,1023.7049990694437,916.795007034072,0.0,0.009995940419399621,27418776.2,0.0
2026-01-16,922.0,935.9500122070312,919.2000122070312,931.0999755859375,37780235,943.075,976.853330485026,947.6359685760374,964.8919420170682,-17.255973441030847,-12.315890659562488,17.834296270042998,967.8200012207031,1023.8240380037827,911.8159644376236,0.00610509838930362,0.009208347247870426,30021653.8,1.2584328382335819
2026-01-19,935.9000244140625,936.1500244140625,919.5,927.9000244140625,38191942,938.1150024414062,974.3399983723958,944.599669474195,962.1517999724011,-17.55213049820611,-13.363138627291214,17.39121369314269,964.9400024414062,1023.0021868520321,906.8778180307804,-0.0034367428372675812,0.007085551904998619,31076110.1,1.2289807790325726
2026-01-20,929.2999877929688,934.5,919.5999755859375,931.2000122070312,36022727,935.0150024414063,971.9433329264323,942.5381837407851,959.8590749527441,-17.32089121195895,-14.154689144224763,19.879436857244755,962.1150024414062,1021.0065859246324,903.22341895818,0.003556404468307406,0.006508694096432534,31479504.5,1.1443231897122141
2026-01-21,925.0,932.1500244140625,915.5,920.3499755859375,32766854,932.1450012207031,969.384999593099,939.1246132554239,956.9324749996473,-17.807861744223374,-14.885323664224487,17.934696675678225,958.3025024414062,1017.6647965965657,898.9402082862467,-0.011651671476440528,0.006172926621765994,29467718.7,1.1119576080383855
2026-01-22,928.0,928.2999877929688,913.2000122070312,918.7000122070312,44444755,929.3450012207031,967.0150004069011,935.9823669402865,954.1004407187128,-18.118073778426265,-15.531873687064843,9.202690598584297,954.3775024414062,1013.2898687810972,895.4651361017153,-0.0017927564759870895,0.006183744209179755,31719309.3,1.4011892434240363
2026-01-23,920.0,926.0999755859375,909.25,916.0999755859375,30985247,927.0549987792969,964.2083333333334,932.9235375011559,951.2855914496183,-18.362053948462403,-16.097909739344356,11.672823532639015,950.5775024414063,1009.0475611647986,892.107443718014,-0.002830125815332929,0.005914241937915196,30999450.1,0.9995418273564795
2026-01-27,906.0,931.2000122070312,905.0,926.4000244140625,44753093,926.0,961.705000813802,931.9199201031415,949.4422161136513,-17.522296010509763,-16.382786993577437,26.16509419011294,947.3125030517579,1003.3563526281218,891.2686534753939,0.011243367648314795,0.0073349849106090674,33367592.8,1.3412143113901822
2026-01-28,932.5,941.4500122070312,928.4000244140625,932.7000122070312,35347138,925.5350036621094,959.5916687011719,932.0399342729708,948.2020528613091,-16.16211858833833,-16.338653312529615,38.021974484129046,944.4025024414062,996.8452088370809,891.9597960457315,0.006800504778649463,0.007748388964247657,33698023.9,1.0489380061244482
2026-01-29,930.0999755859375,939.2999877929688,924.3499755859375,935.5,37175628,926.5400024414063,957.631669108073,932.5722520771291,947.2611600567677,-14.688907979638657,-16.008704245951424,41.84859525630808,941.6175018310547,989.2957015684635,893.9393020936459,0.003002023969468137,0.006483289446368943,33746761.9,1.1016057810275421
2026-01-30,930.0,938.9000244140625,927.75,929.25,29691233,926.9200012207032,955.8066691080729,932.0611363729554,945.9270000525628,-13.8658636796074,-15.580136132682622,42.75091620969631,938.5225006103516,980.3382735735795,896.7067276471237,-0.00668091929449488,0.00693751002110667,36715885.2,0.808675395901935
2026-02-02,915.0,929.7999877929688,909.2999877929688,928.0999755859375,28032106,926.6200012207031,954.0866678873698,931.4517270211065,944.6064797217016,-13.154752700595054,-15.09505944626511,43.33078521576669,934.8475006103515,964.4604540492272,905.2345471714758,-0.001237583442628476,0.0066530385715119315,35741072.3,0.7843107158259491
2026-02-03,983.75,994.0,945.0,948.7000122070312,50336968,928.7,952.8600016276042,934.1053093574026,944.9097043502445,-10.804394992841935,-14.236926555580476,56.556925604798195,933.4075012207031,956.3334126129305,910.4815898284758,0.022195924106223952,0.009597634872260407,36955574.9,1.3620940314474719
2026-02-04,952.5,957.2000122070312,947.9500122070312,953.0999755859375,24366770,930.8899963378906,951.7066670735677,937.0275657002542,945.5163911084439,-8.488825408189768,-13.087306326102336,67.48891059371272,932.9524993896484,953.7332193859514,912.1717793933454,0.004637886921357026,0.009619927001257305,35789979.2,0.6808266041126952
2026-02-05,956.0,956.0499877929688,946.7000122070312,949.7000122070312,28103169,933.825,950.1433349609375,938.977172855143,945.8262889675985,-6.84911611245559,-11.839668283372987,64.70589106199014,932.9850006103516,953.8734812586292,912.0965199620739,-0.0035672683516920767,0.008595972380871359,35323610.7,0.7955916295952157
2026-02-06,945.0,948.0999755859375,937.5999755859375,941.0999755859375,18120272,936.0649963378906,948.2733337402344,939.3037578906499,945.4761916800682,-6.172433789418278,-10.706221384582047,55.85479926300427,932.7049987792968,952.9599226421034,912.4500749164903,-0.009055529652050809,0.009337378388008544,32691162.4,0.554286561557077
2026-02-09,945.0,950.0,935.3499755859375,937.25,23947829,938.1799987792969,946.4450012207031,938.9877951382423,944.8668441482112,-5.879049009968867,-9.740786909659413,55.43287058710041,932.6174987792969,952.772796314585,912.4622012440087,-0.004090931554365906,0.009424712777366926,31987420.6,0.7486639607321135
2026-02-10,930.0,940.9000244140625,929.9500122070312,932.4000244140625,31525385,938.7799987792969,944.4683349609375,937.974291949907,943.9433760197558,-5.969084069848805,-8.986446341697292,50.684938187995165,932.3899993896484,952.441840581121,912.3381581981758,-0.005174687208255535,0.009123665089034267,30664649.8,1.0280692982184325
2026-02-11,931.25,936.0,925.2999877929688,927.0999755859375,24869804,938.2199951171875,942.3416666666667,936.301320201604,942.6957167283618,-6.394396526757873,-8.468036378709408,54.11334307316478,931.8774993896484,951.9195207974398,911.835477981857,-0.005684307903633612,0.009047415989631142,29616916.4,0.8397161832823352
2026-02-12,927.0,928.5999755859375,918.5,920.5999755859375,33872203,936.7299926757812,939.9883321126302,933.8857287222706,941.0589951622563,-7.173266439985696,-8.209082390964667,51.0931884411187,931.6349975585938,952.1170115627904,911.1529835543972,-0.007011110097259965,0.009162078947871733,29286573.9,1.1565778610928608
2026-02-13,913.0,928.2000122070312,901.0,903.9000244140625,50188359,934.1949951171875,937.0799987792968,929.2725434440848,938.3064788105382,-9.03393536645342,-8.374052986062418,43.960420211943074,930.5574981689454,954.4010269468072,906.7139693910835,-0.01814029069601697,0.010492784121615863,31336286.5,1.6016051870089967
2026-02-16,903.9000244140625,929.5,902.0999755859375,925.7999877929688,18806989,933.9649963378906,934.5533325195313,928.7383041131438,937.3800720684961,-8.641767955352293,-8.427595979920394,49.733553696071795,930.2924987792969,954.2282724310278,906.356725127566,0.024228302674405233,0.013538758195684108,30413774.8,0.6183707587655315
2026-02-17,923.0,928.0999755859375,918.5999755859375,925.7000122070312,22599629,931.6649963378907,932.8266662597656,928.2708745891265,936.5148824491283,-8.24400786000183,-8.390878355936682,46.71052329663572,930.1824981689454,954.1846953626688,906.1803009752219,-0.00010798832064773389,0.011054783037064777,27640040.9,0.8176409391637334
2026-02-18,923.2000122070312,925.5,919.5499877929688,924.7000122070312,12738702,928.825,931.5766662597656,927.7215111457272,935.6397068756397,-7.918195729912554,-8.296341830731857,44.83747771718993,929.8574981689453,953.9774213625263,905.7375749753643,-0.0010802635700692953,0.01079533412336417,26477234.1,0.4811190606952408
2026-02-19,929.0,929.2000122070312,912.4500122070312,915.5999755859375,21209234,925.4149963378907,930.4616658528646,925.8566595211441,934.1552823356618,-8.298622814517671,-8.29679802748902,43.64819422196472,929.6199981689454,954.2228077652144,905.0171885726763,-0.00984106899639181,0.011014091651602166,25787840.6,0.8224509500031576
2026-02-20,911.0,917.8499755859375,908.4000244140625,911.8499755859375,22654907,922.4899963378906,929.2999979654948,923.7017850695738,932.5030373912377,-8.801252321663924,-8.397688886324001,42.61698736258068,929.2774963378906,954.6975385725254,903.8574541032558,-0.004095675076443928,0.010851385072841578,26241304.1,0.8633300735995052
2026-02-23,916.5,925.6500244140625,915.25,923.5999755859375,23270122,921.1249938964844,928.7866638183593,923.6861220720913,931.8435513315859,-8.15742925949462,-8.349636960958126,37.59878267299295,929.6524963378906,954.4681229425806,904.8368697332006,0.012885891664853766,0.01195134504761882,26173533.4,0.8890707129362978
2026-02-24,927.9500122070312,927.9500122070312,909.1500244140625,910.5,31313985,918.9349914550781,927.9049967447917,921.6574879071542,930.2625475292463,-8.605059622092085,-8.400721493184918,30.618738198378324,928.8574951171875,955.0901456906131,902.6248445437618,-0.01418360321807799,0.01258980996071631,26152393.4,1.1973659359223314
2026-02-25,910.5499877929688,916.0,903.0999755859375,907.5999755859375,27884303,916.9849914550781,926.913330078125,919.4947937038901,928.5838384964086,-9.089044792518507,-8.538386153051636,30.75866055124696,927.6024932861328,955.4151689220142,899.7898176502514,-0.003185089966021404,0.012539936739666146,26453843.3,1.0540737950163936
2026-02-26,912.0,912.0,895.0,898.5999755859375,41165937,914.7849914550782,926.0183288574219,916.2802063011281,926.3628116141515,-10.08260531302335,-8.84722998504598,30.646617327103073,925.7574920654297,956.1411207222666,895.3738634085928,-0.009916262937523457,0.012700190976372766,27183216.7,1.5143879936769955
2026-02-27,898.5999755859375,898.9500122070312,885.0,887.75,34620755,913.1699890136719,924.7616617838542,911.8909437932623,923.5026033464366,-11.611659553174263,-9.400115898671636,28.809918219110074,923.6824920654296,958.418466351537,888.9465177793223,-0.012074311017939543,0.011986684303473098,25626456.3,1.3509770759837754
2026-03-02,876.2000122070312,887.75,871.5499877929688,879.4000244140625,38378924,908.5299926757813,923.038330078125,906.8923408118469,920.2357456477422,-13.343404835895285,-10.188773686116367,27.971723911894202,921.2474945068359,961.126604165528,881.3683848481438,-0.009405773681709362,0.007920528744508755,27583649.8,1.391364967227796
2026-03-04,848.0,879.2999877929688,848.0,868.6500244140625,39862322,902.8249938964843,921.063330078125,901.0089075198802,916.414581111914,-15.40567359203385,-11.232153667299865,26.759440194225462,917.2449951171875,961.3658439754034,873.1241462589716,-0.01222424346322104,0.007998313962020977,29309919.1,1.3600283871134942
2026-03-05,873.8499755859375,881.4000244140625,863.5,877.75,31324582,898.1299926757813,919.2816630045573,897.4306140552832,913.550538066587,-16.11992401130385,-12.209707736100665,33.307353139783274,913.4774963378907,957.5754215014157,869.3795711743657,0.010475997617194421,0.009526974813555418,31168507.1,1.0050074551052206
2026-03-06,868.0499877929688,871.7000122070312,855.0999755859375,857.0499877929688,34439647,892.2749938964844,917.1716634114583,891.2182100149271,909.3653121203931,-18.147102105466047,-13.397186609973742,32.300692531570206,908.8449951171875,956.2620029057724,861.4279873286026,-0.02358303868644973,0.01113343101867514,32491548.4,1.0599570871790156
2026-03-09,825.0,842.4500122070312,821.5,840.7000122070312,35592613,885.1599975585938,914.5716634114583,883.446179582943,904.2789936082922,-20.832814025349194,-14.884312093048834,16.443207909544682,903.8249969482422,957.6846924145174,849.965301481967,-0.01907703846778075,0.011759721199803137,33785319.0,1.0534934715282693
2026-03-10,850.0499877929688,856.7999877929688,840.5999755859375,849.4500122070312,52866024,877.7450012207031,912.3499979654948,878.215999986649,900.2175875785692,-22.00158759192027,-16.30776719282312,21.853072171563596,899.4349975585938,956.0650686542934,842.8049264628941,0.010407993187759423,0.011286652211983056,36744909.2,1.4387305657024183
2026-03-11,845.0,848.8499755859375,827.5999755859375,833.9500122070312,42261076,870.0900024414062,909.2683308919271,871.405848020554,895.3088782917886,-23.90303027123457,-17.826819808505412,19.739903450858435,894.5124969482422,955.9857321840203,833.039261712464,-0.018247100803175043,0.011591971229448765,37839618.3,1.1168473123842269
2026-03-12,820.0999755859375,836.4000244140625,820.0999755859375,832.75,46107561,862.6050048828125,905.9366638183594,865.4587944789304,890.6748873072116,-25.216092828281262,-19.304674412460585,20.83772674969687,889.7949981689453,955.1001441898317,824.489852148059,-0.001438949804503764,0.011696666788051643,39661944.1,1.1625138920005689
2026-03-13,820.0,823.7999877929688,812.0,817.0,41700464,854.4450073242188,901.9866638183594,858.0035953283258,885.2174882474181,-27.21389291909236,-20.88651811378694,19.214534020826065,884.6149993896485,955.8021320790075,813.4278667002894,-0.018913239267487225,0.012154077770705311,39715396.8,1.0499823081208646
2026-03-16,817.0,844.5,815.6500244140625,840.5999755859375,52182605,849.7300048828125,899.0316630045573,855.3261153679584,881.9124873095307,-26.586371941572224,-22.026488879343997,24.984915956122364,881.4499969482422,954.6277943557183,808.2721995407661,0.02888613902807524,0.017065390769629485,41471581.8,1.2582738042560027
2026-03-17,847.7000122070312,848.9000244140625,835.0999755859375,845.3499755859375,38826979,846.325,896.2733296712239,853.7913246322629,879.204153107783,-25.412828475520087,-22.703756798579214,29.324006759390045,877.4274963378906,949.1710194857517,805.6839731900295,0.005650725836256365,0.017326275392240523,41516387.3,0.9352205604845584
2026-03-18,845.3499755859375,846.7999877929688,831.5999755859375,843.0499877929688,23507063,843.7649963378906,892.7516621907552,852.1388112723715,876.5260667881671,-24.387255515795573,-23.040456542022486,29.43611564916057,873.2949951171875,942.8180443334594,803.7719459009155,-0.0027207521847676386,0.017072013849716395,39880861.4,0.5894321781123815
2026-03-19,770.0,815.6500244140625,770.0,798.2000122070312,171637393,835.8099975585938,887.588330078125,843.8405344930884,870.7241368191941,-26.883602326105688,-23.809085698839127,23.962646964875944,866.9699951171875,939.7430040593093,794.1969861750657,-0.05319966340709026,0.022544710133202396,53912142.5,3.183650009828491
2026-03-20,785.0,793.75,778.2000122070312,780.4500122070312,103118533,828.15,881.9466634114583,834.0881464490797,864.0371646257006,-29.94901817662094,-25.037072194395492,23.134690329696994,860.2124969482422,938.8363626930785,781.588631203406,-0.02223753411243512,0.022453317668612586,60780031.1,1.6965857228723924
